<application>
  <component name="CodeInsightSettings">
    <option name="ADD_UNAMBIGIOUS_IMPORTS_ON_THE_FLY" value="true" />
    <option name="JSP_ADD_UNAMBIGIOUS_IMPORTS_ON_THE_FLY" value="true" />
  </component>
  <component name="CodeVisionSettings">
    <option name="disabledCodeVisionProviderIds">
      <set>
        <option value="references" />
      </set>
    </option>
  </component>
  <component name="EditorSettings">
    <option name="IS_WHEEL_FONTCHANGE_ENABLED" value="true" />
  </component>
  <component name="InlayHintsSettings">
    <settingsMapElement>
      <kotlin.kotlin.lambdas.hints>
        <Settings>
          <option name="implicitReceiversAndParams" value="false" />
        </Settings>
      </kotlin.kotlin.lambdas.hints>
      <kotlin.kotlin.references.types.hints>
        <Settings>
          <option name="propertyType" value="true" />
        </Settings>
      </kotlin.kotlin.references.types.hints>
    </settingsMapElement>
  </component>
  <component name="TodoConfiguration">
    <pattern pattern="\btodo\b.*" />
    <pattern pattern="\bfixme\b.*" />
  </component>
</application>