<application>
  <component name="ProjectJdkTable">
    <jdk version="2">
      <name value="17" />
      <type value="JavaSDK" />
      <version value="Oracle OpenJDK version 17.0.8" />
      <homePath value="$USER_HOME$/env/jdk/jdk-17.0.8" />
      <roots>
        <annotationsPath>
          <root type="composite">
            <root url="jar://$APPLICATION_HOME_DIR$/plugins/java/lib/resources/jdkAnnotations.jar!/" type="simple" />
          </root>
        </annotationsPath>
        <classPath>
          <root type="composite">
            <root url="jrt:///home/yxyl/env/jdk/jdk-17.0.8!/java.base" type="simple" />
            <root url="jrt:///home/yxyl/env/jdk/jdk-17.0.8!/java.compiler" type="simple" />
            <root url="jrt:///home/yxyl/env/jdk/jdk-17.0.8!/java.datatransfer" type="simple" />
            <root url="jrt:///home/yxyl/env/jdk/jdk-17.0.8!/java.desktop" type="simple" />
            <root url="jrt:///home/yxyl/env/jdk/jdk-17.0.8!/java.instrument" type="simple" />
            <root url="jrt:///home/yxyl/env/jdk/jdk-17.0.8!/java.logging" type="simple" />
            <root url="jrt:///home/yxyl/env/jdk/jdk-17.0.8!/java.management" type="simple" />
            <root url="jrt:///home/yxyl/env/jdk/jdk-17.0.8!/java.management.rmi" type="simple" />
            <root url="jrt:///home/yxyl/env/jdk/jdk-17.0.8!/java.naming" type="simple" />
            <root url="jrt:///home/yxyl/env/jdk/jdk-17.0.8!/java.net.http" type="simple" />
            <root url="jrt:///home/yxyl/env/jdk/jdk-17.0.8!/java.prefs" type="simple" />
            <root url="jrt:///home/yxyl/env/jdk/jdk-17.0.8!/java.rmi" type="simple" />
            <root url="jrt:///home/yxyl/env/jdk/jdk-17.0.8!/java.scripting" type="simple" />
            <root url="jrt:///home/yxyl/env/jdk/jdk-17.0.8!/java.se" type="simple" />
            <root url="jrt:///home/yxyl/env/jdk/jdk-17.0.8!/java.security.jgss" type="simple" />
            <root url="jrt:///home/yxyl/env/jdk/jdk-17.0.8!/java.security.sasl" type="simple" />
            <root url="jrt:///home/yxyl/env/jdk/jdk-17.0.8!/java.smartcardio" type="simple" />
            <root url="jrt:///home/yxyl/env/jdk/jdk-17.0.8!/java.sql" type="simple" />
            <root url="jrt:///home/yxyl/env/jdk/jdk-17.0.8!/java.sql.rowset" type="simple" />
            <root url="jrt:///home/yxyl/env/jdk/jdk-17.0.8!/java.transaction.xa" type="simple" />
            <root url="jrt:///home/yxyl/env/jdk/jdk-17.0.8!/java.xml" type="simple" />
            <root url="jrt:///home/yxyl/env/jdk/jdk-17.0.8!/java.xml.crypto" type="simple" />
            <root url="jrt:///home/yxyl/env/jdk/jdk-17.0.8!/jdk.accessibility" type="simple" />
            <root url="jrt:///home/yxyl/env/jdk/jdk-17.0.8!/jdk.attach" type="simple" />
            <root url="jrt:///home/yxyl/env/jdk/jdk-17.0.8!/jdk.charsets" type="simple" />
            <root url="jrt:///home/yxyl/env/jdk/jdk-17.0.8!/jdk.compiler" type="simple" />
            <root url="jrt:///home/yxyl/env/jdk/jdk-17.0.8!/jdk.crypto.cryptoki" type="simple" />
            <root url="jrt:///home/yxyl/env/jdk/jdk-17.0.8!/jdk.crypto.ec" type="simple" />
            <root url="jrt:///home/yxyl/env/jdk/jdk-17.0.8!/jdk.dynalink" type="simple" />
            <root url="jrt:///home/yxyl/env/jdk/jdk-17.0.8!/jdk.editpad" type="simple" />
            <root url="jrt:///home/yxyl/env/jdk/jdk-17.0.8!/jdk.hotspot.agent" type="simple" />
            <root url="jrt:///home/yxyl/env/jdk/jdk-17.0.8!/jdk.httpserver" type="simple" />
            <root url="jrt:///home/yxyl/env/jdk/jdk-17.0.8!/jdk.incubator.foreign" type="simple" />
            <root url="jrt:///home/yxyl/env/jdk/jdk-17.0.8!/jdk.incubator.vector" type="simple" />
            <root url="jrt:///home/yxyl/env/jdk/jdk-17.0.8!/jdk.internal.ed" type="simple" />
            <root url="jrt:///home/yxyl/env/jdk/jdk-17.0.8!/jdk.internal.jvmstat" type="simple" />
            <root url="jrt:///home/yxyl/env/jdk/jdk-17.0.8!/jdk.internal.le" type="simple" />
            <root url="jrt:///home/yxyl/env/jdk/jdk-17.0.8!/jdk.internal.opt" type="simple" />
            <root url="jrt:///home/yxyl/env/jdk/jdk-17.0.8!/jdk.internal.vm.ci" type="simple" />
            <root url="jrt:///home/yxyl/env/jdk/jdk-17.0.8!/jdk.internal.vm.compiler" type="simple" />
            <root url="jrt:///home/yxyl/env/jdk/jdk-17.0.8!/jdk.internal.vm.compiler.management" type="simple" />
            <root url="jrt:///home/yxyl/env/jdk/jdk-17.0.8!/jdk.jartool" type="simple" />
            <root url="jrt:///home/yxyl/env/jdk/jdk-17.0.8!/jdk.javadoc" type="simple" />
            <root url="jrt:///home/yxyl/env/jdk/jdk-17.0.8!/jdk.jcmd" type="simple" />
            <root url="jrt:///home/yxyl/env/jdk/jdk-17.0.8!/jdk.jconsole" type="simple" />
            <root url="jrt:///home/yxyl/env/jdk/jdk-17.0.8!/jdk.jdeps" type="simple" />
            <root url="jrt:///home/yxyl/env/jdk/jdk-17.0.8!/jdk.jdi" type="simple" />
            <root url="jrt:///home/yxyl/env/jdk/jdk-17.0.8!/jdk.jdwp.agent" type="simple" />
            <root url="jrt:///home/yxyl/env/jdk/jdk-17.0.8!/jdk.jfr" type="simple" />
            <root url="jrt:///home/yxyl/env/jdk/jdk-17.0.8!/jdk.jlink" type="simple" />
            <root url="jrt:///home/yxyl/env/jdk/jdk-17.0.8!/jdk.jpackage" type="simple" />
            <root url="jrt:///home/yxyl/env/jdk/jdk-17.0.8!/jdk.jshell" type="simple" />
            <root url="jrt:///home/yxyl/env/jdk/jdk-17.0.8!/jdk.jsobject" type="simple" />
            <root url="jrt:///home/yxyl/env/jdk/jdk-17.0.8!/jdk.jstatd" type="simple" />
            <root url="jrt:///home/yxyl/env/jdk/jdk-17.0.8!/jdk.localedata" type="simple" />
            <root url="jrt:///home/yxyl/env/jdk/jdk-17.0.8!/jdk.management" type="simple" />
            <root url="jrt:///home/yxyl/env/jdk/jdk-17.0.8!/jdk.management.agent" type="simple" />
            <root url="jrt:///home/yxyl/env/jdk/jdk-17.0.8!/jdk.management.jfr" type="simple" />
            <root url="jrt:///home/yxyl/env/jdk/jdk-17.0.8!/jdk.naming.dns" type="simple" />
            <root url="jrt:///home/yxyl/env/jdk/jdk-17.0.8!/jdk.naming.rmi" type="simple" />
            <root url="jrt:///home/yxyl/env/jdk/jdk-17.0.8!/jdk.net" type="simple" />
            <root url="jrt:///home/yxyl/env/jdk/jdk-17.0.8!/jdk.nio.mapmode" type="simple" />
            <root url="jrt:///home/yxyl/env/jdk/jdk-17.0.8!/jdk.random" type="simple" />
            <root url="jrt:///home/yxyl/env/jdk/jdk-17.0.8!/jdk.sctp" type="simple" />
            <root url="jrt:///home/yxyl/env/jdk/jdk-17.0.8!/jdk.security.auth" type="simple" />
            <root url="jrt:///home/yxyl/env/jdk/jdk-17.0.8!/jdk.security.jgss" type="simple" />
            <root url="jrt:///home/yxyl/env/jdk/jdk-17.0.8!/jdk.unsupported" type="simple" />
            <root url="jrt:///home/yxyl/env/jdk/jdk-17.0.8!/jdk.unsupported.desktop" type="simple" />
            <root url="jrt:///home/yxyl/env/jdk/jdk-17.0.8!/jdk.xml.dom" type="simple" />
            <root url="jrt:///home/yxyl/env/jdk/jdk-17.0.8!/jdk.zipfs" type="simple" />
          </root>
        </classPath>
        <javadocPath>
          <root type="composite" />
        </javadocPath>
        <sourcePath>
          <root type="composite">
            <root url="jar://$USER_HOME$/env/jdk/jdk-17.0.8/lib/src.zip!/java.se" type="simple" />
            <root url="jar://$USER_HOME$/env/jdk/jdk-17.0.8/lib/src.zip!/jdk.jdi" type="simple" />
            <root url="jar://$USER_HOME$/env/jdk/jdk-17.0.8/lib/src.zip!/jdk.jfr" type="simple" />
            <root url="jar://$USER_HOME$/env/jdk/jdk-17.0.8/lib/src.zip!/jdk.net" type="simple" />
            <root url="jar://$USER_HOME$/env/jdk/jdk-17.0.8/lib/src.zip!/java.rmi" type="simple" />
            <root url="jar://$USER_HOME$/env/jdk/jdk-17.0.8/lib/src.zip!/java.sql" type="simple" />
            <root url="jar://$USER_HOME$/env/jdk/jdk-17.0.8/lib/src.zip!/java.xml" type="simple" />
            <root url="jar://$USER_HOME$/env/jdk/jdk-17.0.8/lib/src.zip!/jdk.jcmd" type="simple" />
            <root url="jar://$USER_HOME$/env/jdk/jdk-17.0.8/lib/src.zip!/jdk.sctp" type="simple" />
            <root url="jar://$USER_HOME$/env/jdk/jdk-17.0.8/lib/src.zip!/java.base" type="simple" />
            <root url="jar://$USER_HOME$/env/jdk/jdk-17.0.8/lib/src.zip!/jdk.jdeps" type="simple" />
            <root url="jar://$USER_HOME$/env/jdk/jdk-17.0.8/lib/src.zip!/jdk.jlink" type="simple" />
            <root url="jar://$USER_HOME$/env/jdk/jdk-17.0.8/lib/src.zip!/jdk.zipfs" type="simple" />
            <root url="jar://$USER_HOME$/env/jdk/jdk-17.0.8/lib/src.zip!/java.prefs" type="simple" />
            <root url="jar://$USER_HOME$/env/jdk/jdk-17.0.8/lib/src.zip!/jdk.attach" type="simple" />
            <root url="jar://$USER_HOME$/env/jdk/jdk-17.0.8/lib/src.zip!/jdk.jshell" type="simple" />
            <root url="jar://$USER_HOME$/env/jdk/jdk-17.0.8/lib/src.zip!/jdk.jstatd" type="simple" />
            <root url="jar://$USER_HOME$/env/jdk/jdk-17.0.8/lib/src.zip!/jdk.random" type="simple" />
            <root url="jar://$USER_HOME$/env/jdk/jdk-17.0.8/lib/src.zip!/java.naming" type="simple" />
            <root url="jar://$USER_HOME$/env/jdk/jdk-17.0.8/lib/src.zip!/jdk.editpad" type="simple" />
            <root url="jar://$USER_HOME$/env/jdk/jdk-17.0.8/lib/src.zip!/jdk.jartool" type="simple" />
            <root url="jar://$USER_HOME$/env/jdk/jdk-17.0.8/lib/src.zip!/jdk.javadoc" type="simple" />
            <root url="jar://$USER_HOME$/env/jdk/jdk-17.0.8/lib/src.zip!/jdk.xml.dom" type="simple" />
            <root url="jar://$USER_HOME$/env/jdk/jdk-17.0.8/lib/src.zip!/java.desktop" type="simple" />
            <root url="jar://$USER_HOME$/env/jdk/jdk-17.0.8/lib/src.zip!/java.logging" type="simple" />
            <root url="jar://$USER_HOME$/env/jdk/jdk-17.0.8/lib/src.zip!/jdk.charsets" type="simple" />
            <root url="jar://$USER_HOME$/env/jdk/jdk-17.0.8/lib/src.zip!/jdk.compiler" type="simple" />
            <root url="jar://$USER_HOME$/env/jdk/jdk-17.0.8/lib/src.zip!/jdk.dynalink" type="simple" />
            <root url="jar://$USER_HOME$/env/jdk/jdk-17.0.8/lib/src.zip!/jdk.jconsole" type="simple" />
            <root url="jar://$USER_HOME$/env/jdk/jdk-17.0.8/lib/src.zip!/jdk.jpackage" type="simple" />
            <root url="jar://$USER_HOME$/env/jdk/jdk-17.0.8/lib/src.zip!/jdk.jsobject" type="simple" />
            <root url="jar://$USER_HOME$/env/jdk/jdk-17.0.8/lib/src.zip!/java.compiler" type="simple" />
            <root url="jar://$USER_HOME$/env/jdk/jdk-17.0.8/lib/src.zip!/java.net.http" type="simple" />
            <root url="jar://$USER_HOME$/env/jdk/jdk-17.0.8/lib/src.zip!/jdk.crypto.ec" type="simple" />
            <root url="jar://$USER_HOME$/env/jdk/jdk-17.0.8/lib/src.zip!/java.scripting" type="simple" />
            <root url="jar://$USER_HOME$/env/jdk/jdk-17.0.8/lib/src.zip!/jdk.httpserver" type="simple" />
            <root url="jar://$USER_HOME$/env/jdk/jdk-17.0.8/lib/src.zip!/jdk.jdwp.agent" type="simple" />
            <root url="jar://$USER_HOME$/env/jdk/jdk-17.0.8/lib/src.zip!/jdk.localedata" type="simple" />
            <root url="jar://$USER_HOME$/env/jdk/jdk-17.0.8/lib/src.zip!/jdk.management" type="simple" />
            <root url="jar://$USER_HOME$/env/jdk/jdk-17.0.8/lib/src.zip!/jdk.naming.dns" type="simple" />
            <root url="jar://$USER_HOME$/env/jdk/jdk-17.0.8/lib/src.zip!/jdk.naming.rmi" type="simple" />
            <root url="jar://$USER_HOME$/env/jdk/jdk-17.0.8/lib/src.zip!/java.instrument" type="simple" />
            <root url="jar://$USER_HOME$/env/jdk/jdk-17.0.8/lib/src.zip!/java.management" type="simple" />
            <root url="jar://$USER_HOME$/env/jdk/jdk-17.0.8/lib/src.zip!/java.sql.rowset" type="simple" />
            <root url="jar://$USER_HOME$/env/jdk/jdk-17.0.8/lib/src.zip!/java.xml.crypto" type="simple" />
            <root url="jar://$USER_HOME$/env/jdk/jdk-17.0.8/lib/src.zip!/jdk.internal.ed" type="simple" />
            <root url="jar://$USER_HOME$/env/jdk/jdk-17.0.8/lib/src.zip!/jdk.internal.le" type="simple" />
            <root url="jar://$USER_HOME$/env/jdk/jdk-17.0.8/lib/src.zip!/jdk.nio.mapmode" type="simple" />
            <root url="jar://$USER_HOME$/env/jdk/jdk-17.0.8/lib/src.zip!/jdk.unsupported" type="simple" />
            <root url="jar://$USER_HOME$/env/jdk/jdk-17.0.8/lib/src.zip!/java.smartcardio" type="simple" />
            <root url="jar://$USER_HOME$/env/jdk/jdk-17.0.8/lib/src.zip!/jdk.internal.opt" type="simple" />
            <root url="jar://$USER_HOME$/env/jdk/jdk-17.0.8/lib/src.zip!/java.datatransfer" type="simple" />
            <root url="jar://$USER_HOME$/env/jdk/jdk-17.0.8/lib/src.zip!/jdk.accessibility" type="simple" />
            <root url="jar://$USER_HOME$/env/jdk/jdk-17.0.8/lib/src.zip!/jdk.hotspot.agent" type="simple" />
            <root url="jar://$USER_HOME$/env/jdk/jdk-17.0.8/lib/src.zip!/jdk.security.auth" type="simple" />
            <root url="jar://$USER_HOME$/env/jdk/jdk-17.0.8/lib/src.zip!/jdk.security.jgss" type="simple" />
            <root url="jar://$USER_HOME$/env/jdk/jdk-17.0.8/lib/src.zip!/java.security.jgss" type="simple" />
            <root url="jar://$USER_HOME$/env/jdk/jdk-17.0.8/lib/src.zip!/java.security.sasl" type="simple" />
            <root url="jar://$USER_HOME$/env/jdk/jdk-17.0.8/lib/src.zip!/jdk.internal.vm.ci" type="simple" />
            <root url="jar://$USER_HOME$/env/jdk/jdk-17.0.8/lib/src.zip!/jdk.management.jfr" type="simple" />
            <root url="jar://$USER_HOME$/env/jdk/jdk-17.0.8/lib/src.zip!/java.management.rmi" type="simple" />
            <root url="jar://$USER_HOME$/env/jdk/jdk-17.0.8/lib/src.zip!/java.transaction.xa" type="simple" />
            <root url="jar://$USER_HOME$/env/jdk/jdk-17.0.8/lib/src.zip!/jdk.crypto.cryptoki" type="simple" />
            <root url="jar://$USER_HOME$/env/jdk/jdk-17.0.8/lib/src.zip!/jdk.incubator.vector" type="simple" />
            <root url="jar://$USER_HOME$/env/jdk/jdk-17.0.8/lib/src.zip!/jdk.internal.jvmstat" type="simple" />
            <root url="jar://$USER_HOME$/env/jdk/jdk-17.0.8/lib/src.zip!/jdk.management.agent" type="simple" />
            <root url="jar://$USER_HOME$/env/jdk/jdk-17.0.8/lib/src.zip!/jdk.incubator.foreign" type="simple" />
            <root url="jar://$USER_HOME$/env/jdk/jdk-17.0.8/lib/src.zip!/jdk.unsupported.desktop" type="simple" />
            <root url="jar://$USER_HOME$/env/jdk/jdk-17.0.8/lib/src.zip!/jdk.internal.vm.compiler" type="simple" />
            <root url="jar://$USER_HOME$/env/jdk/jdk-17.0.8/lib/src.zip!/jdk.internal.vm.compiler.management" type="simple" />
          </root>
        </sourcePath>
      </roots>
      <additional />
    </jdk>
    <jdk version="2">
      <name value="corretto-1.8" />
      <type value="JavaSDK" />
      <version value="Amazon Corretto version 1.8.0_382" />
      <homePath value="$USER_HOME$/env/jdk/corretto-1.8.0_382" />
      <roots>
        <annotationsPath>
          <root type="composite">
            <root url="jar://$APPLICATION_HOME_DIR$/plugins/java/lib/resources/jdkAnnotations.jar!/" type="simple" />
          </root>
        </annotationsPath>
        <classPath>
          <root type="composite">
            <root url="jar://$USER_HOME$/env/jdk/corretto-1.8.0_382/jre/lib/charsets.jar!/" type="simple" />
            <root url="jar://$USER_HOME$/env/jdk/corretto-1.8.0_382/jre/lib/ext/cldrdata.jar!/" type="simple" />
            <root url="jar://$USER_HOME$/env/jdk/corretto-1.8.0_382/jre/lib/ext/dnsns.jar!/" type="simple" />
            <root url="jar://$USER_HOME$/env/jdk/corretto-1.8.0_382/jre/lib/ext/jaccess.jar!/" type="simple" />
            <root url="jar://$USER_HOME$/env/jdk/corretto-1.8.0_382/jre/lib/ext/jfxrt.jar!/" type="simple" />
            <root url="jar://$USER_HOME$/env/jdk/corretto-1.8.0_382/jre/lib/ext/localedata.jar!/" type="simple" />
            <root url="jar://$USER_HOME$/env/jdk/corretto-1.8.0_382/jre/lib/ext/nashorn.jar!/" type="simple" />
            <root url="jar://$USER_HOME$/env/jdk/corretto-1.8.0_382/jre/lib/ext/sunec.jar!/" type="simple" />
            <root url="jar://$USER_HOME$/env/jdk/corretto-1.8.0_382/jre/lib/ext/sunjce_provider.jar!/" type="simple" />
            <root url="jar://$USER_HOME$/env/jdk/corretto-1.8.0_382/jre/lib/ext/sunpkcs11.jar!/" type="simple" />
            <root url="jar://$USER_HOME$/env/jdk/corretto-1.8.0_382/jre/lib/ext/zipfs.jar!/" type="simple" />
            <root url="jar://$USER_HOME$/env/jdk/corretto-1.8.0_382/jre/lib/jce.jar!/" type="simple" />
            <root url="jar://$USER_HOME$/env/jdk/corretto-1.8.0_382/jre/lib/jfr.jar!/" type="simple" />
            <root url="jar://$USER_HOME$/env/jdk/corretto-1.8.0_382/jre/lib/jfxswt.jar!/" type="simple" />
            <root url="jar://$USER_HOME$/env/jdk/corretto-1.8.0_382/jre/lib/jsse.jar!/" type="simple" />
            <root url="jar://$USER_HOME$/env/jdk/corretto-1.8.0_382/jre/lib/management-agent.jar!/" type="simple" />
            <root url="jar://$USER_HOME$/env/jdk/corretto-1.8.0_382/jre/lib/resources.jar!/" type="simple" />
            <root url="jar://$USER_HOME$/env/jdk/corretto-1.8.0_382/jre/lib/rt.jar!/" type="simple" />
          </root>
        </classPath>
        <javadocPath>
          <root type="composite" />
        </javadocPath>
        <sourcePath>
          <root type="composite">
            <root url="jar://$USER_HOME$/env/jdk/corretto-1.8.0_382/src.zip!/" type="simple" />
            <root url="jar://$USER_HOME$/env/jdk/corretto-1.8.0_382/javafx-src.zip!/" type="simple" />
          </root>
        </sourcePath>
      </roots>
      <additional />
    </jdk>
    <jdk version="2">
      <name value="corretto-11" />
      <type value="JavaSDK" />
      <version value="Oracle OpenJDK version 17.0.8" />
      <homePath value="$USER_HOME$/env/jdk/jdk-17.0.8" />
      <roots>
        <annotationsPath>
          <root type="composite">
            <root url="jar://$APPLICATION_HOME_DIR$/plugins/java/lib/resources/jdkAnnotations.jar!/" type="simple" />
          </root>
        </annotationsPath>
        <classPath>
          <root type="composite">
            <root url="jrt:///home/yxyl/env/jdk/jdk-17.0.8!/java.base" type="simple" />
            <root url="jrt:///home/yxyl/env/jdk/jdk-17.0.8!/java.compiler" type="simple" />
            <root url="jrt:///home/yxyl/env/jdk/jdk-17.0.8!/java.datatransfer" type="simple" />
            <root url="jrt:///home/yxyl/env/jdk/jdk-17.0.8!/java.desktop" type="simple" />
            <root url="jrt:///home/yxyl/env/jdk/jdk-17.0.8!/java.instrument" type="simple" />
            <root url="jrt:///home/yxyl/env/jdk/jdk-17.0.8!/java.logging" type="simple" />
            <root url="jrt:///home/yxyl/env/jdk/jdk-17.0.8!/java.management" type="simple" />
            <root url="jrt:///home/yxyl/env/jdk/jdk-17.0.8!/java.management.rmi" type="simple" />
            <root url="jrt:///home/yxyl/env/jdk/jdk-17.0.8!/java.naming" type="simple" />
            <root url="jrt:///home/yxyl/env/jdk/jdk-17.0.8!/java.net.http" type="simple" />
            <root url="jrt:///home/yxyl/env/jdk/jdk-17.0.8!/java.prefs" type="simple" />
            <root url="jrt:///home/yxyl/env/jdk/jdk-17.0.8!/java.rmi" type="simple" />
            <root url="jrt:///home/yxyl/env/jdk/jdk-17.0.8!/java.scripting" type="simple" />
            <root url="jrt:///home/yxyl/env/jdk/jdk-17.0.8!/java.se" type="simple" />
            <root url="jrt:///home/yxyl/env/jdk/jdk-17.0.8!/java.security.jgss" type="simple" />
            <root url="jrt:///home/yxyl/env/jdk/jdk-17.0.8!/java.security.sasl" type="simple" />
            <root url="jrt:///home/yxyl/env/jdk/jdk-17.0.8!/java.smartcardio" type="simple" />
            <root url="jrt:///home/yxyl/env/jdk/jdk-17.0.8!/java.sql" type="simple" />
            <root url="jrt:///home/yxyl/env/jdk/jdk-17.0.8!/java.sql.rowset" type="simple" />
            <root url="jrt:///home/yxyl/env/jdk/jdk-17.0.8!/java.transaction.xa" type="simple" />
            <root url="jrt:///home/yxyl/env/jdk/jdk-17.0.8!/java.xml" type="simple" />
            <root url="jrt:///home/yxyl/env/jdk/jdk-17.0.8!/java.xml.crypto" type="simple" />
            <root url="jrt:///home/yxyl/env/jdk/jdk-17.0.8!/jdk.accessibility" type="simple" />
            <root url="jrt:///home/yxyl/env/jdk/jdk-17.0.8!/jdk.attach" type="simple" />
            <root url="jrt:///home/yxyl/env/jdk/jdk-17.0.8!/jdk.charsets" type="simple" />
            <root url="jrt:///home/yxyl/env/jdk/jdk-17.0.8!/jdk.compiler" type="simple" />
            <root url="jrt:///home/yxyl/env/jdk/jdk-17.0.8!/jdk.crypto.cryptoki" type="simple" />
            <root url="jrt:///home/yxyl/env/jdk/jdk-17.0.8!/jdk.crypto.ec" type="simple" />
            <root url="jrt:///home/yxyl/env/jdk/jdk-17.0.8!/jdk.dynalink" type="simple" />
            <root url="jrt:///home/yxyl/env/jdk/jdk-17.0.8!/jdk.editpad" type="simple" />
            <root url="jrt:///home/yxyl/env/jdk/jdk-17.0.8!/jdk.hotspot.agent" type="simple" />
            <root url="jrt:///home/yxyl/env/jdk/jdk-17.0.8!/jdk.httpserver" type="simple" />
            <root url="jrt:///home/yxyl/env/jdk/jdk-17.0.8!/jdk.incubator.foreign" type="simple" />
            <root url="jrt:///home/yxyl/env/jdk/jdk-17.0.8!/jdk.incubator.vector" type="simple" />
            <root url="jrt:///home/yxyl/env/jdk/jdk-17.0.8!/jdk.internal.ed" type="simple" />
            <root url="jrt:///home/yxyl/env/jdk/jdk-17.0.8!/jdk.internal.jvmstat" type="simple" />
            <root url="jrt:///home/yxyl/env/jdk/jdk-17.0.8!/jdk.internal.le" type="simple" />
            <root url="jrt:///home/yxyl/env/jdk/jdk-17.0.8!/jdk.internal.opt" type="simple" />
            <root url="jrt:///home/yxyl/env/jdk/jdk-17.0.8!/jdk.internal.vm.ci" type="simple" />
            <root url="jrt:///home/yxyl/env/jdk/jdk-17.0.8!/jdk.internal.vm.compiler" type="simple" />
            <root url="jrt:///home/yxyl/env/jdk/jdk-17.0.8!/jdk.internal.vm.compiler.management" type="simple" />
            <root url="jrt:///home/yxyl/env/jdk/jdk-17.0.8!/jdk.jartool" type="simple" />
            <root url="jrt:///home/yxyl/env/jdk/jdk-17.0.8!/jdk.javadoc" type="simple" />
            <root url="jrt:///home/yxyl/env/jdk/jdk-17.0.8!/jdk.jcmd" type="simple" />
            <root url="jrt:///home/yxyl/env/jdk/jdk-17.0.8!/jdk.jconsole" type="simple" />
            <root url="jrt:///home/yxyl/env/jdk/jdk-17.0.8!/jdk.jdeps" type="simple" />
            <root url="jrt:///home/yxyl/env/jdk/jdk-17.0.8!/jdk.jdi" type="simple" />
            <root url="jrt:///home/yxyl/env/jdk/jdk-17.0.8!/jdk.jdwp.agent" type="simple" />
            <root url="jrt:///home/yxyl/env/jdk/jdk-17.0.8!/jdk.jfr" type="simple" />
            <root url="jrt:///home/yxyl/env/jdk/jdk-17.0.8!/jdk.jlink" type="simple" />
            <root url="jrt:///home/yxyl/env/jdk/jdk-17.0.8!/jdk.jpackage" type="simple" />
            <root url="jrt:///home/yxyl/env/jdk/jdk-17.0.8!/jdk.jshell" type="simple" />
            <root url="jrt:///home/yxyl/env/jdk/jdk-17.0.8!/jdk.jsobject" type="simple" />
            <root url="jrt:///home/yxyl/env/jdk/jdk-17.0.8!/jdk.jstatd" type="simple" />
            <root url="jrt:///home/yxyl/env/jdk/jdk-17.0.8!/jdk.localedata" type="simple" />
            <root url="jrt:///home/yxyl/env/jdk/jdk-17.0.8!/jdk.management" type="simple" />
            <root url="jrt:///home/yxyl/env/jdk/jdk-17.0.8!/jdk.management.agent" type="simple" />
            <root url="jrt:///home/yxyl/env/jdk/jdk-17.0.8!/jdk.management.jfr" type="simple" />
            <root url="jrt:///home/yxyl/env/jdk/jdk-17.0.8!/jdk.naming.dns" type="simple" />
            <root url="jrt:///home/yxyl/env/jdk/jdk-17.0.8!/jdk.naming.rmi" type="simple" />
            <root url="jrt:///home/yxyl/env/jdk/jdk-17.0.8!/jdk.net" type="simple" />
            <root url="jrt:///home/yxyl/env/jdk/jdk-17.0.8!/jdk.nio.mapmode" type="simple" />
            <root url="jrt:///home/yxyl/env/jdk/jdk-17.0.8!/jdk.random" type="simple" />
            <root url="jrt:///home/yxyl/env/jdk/jdk-17.0.8!/jdk.sctp" type="simple" />
            <root url="jrt:///home/yxyl/env/jdk/jdk-17.0.8!/jdk.security.auth" type="simple" />
            <root url="jrt:///home/yxyl/env/jdk/jdk-17.0.8!/jdk.security.jgss" type="simple" />
            <root url="jrt:///home/yxyl/env/jdk/jdk-17.0.8!/jdk.unsupported" type="simple" />
            <root url="jrt:///home/yxyl/env/jdk/jdk-17.0.8!/jdk.unsupported.desktop" type="simple" />
            <root url="jrt:///home/yxyl/env/jdk/jdk-17.0.8!/jdk.xml.dom" type="simple" />
            <root url="jrt:///home/yxyl/env/jdk/jdk-17.0.8!/jdk.zipfs" type="simple" />
          </root>
        </classPath>
        <javadocPath>
          <root type="composite" />
        </javadocPath>
        <sourcePath>
          <root type="composite">
            <root url="jar://$USER_HOME$/env/jdk/jdk-17.0.8/lib/src.zip!/java.se" type="simple" />
            <root url="jar://$USER_HOME$/env/jdk/jdk-17.0.8/lib/src.zip!/jdk.jdi" type="simple" />
            <root url="jar://$USER_HOME$/env/jdk/jdk-17.0.8/lib/src.zip!/jdk.jfr" type="simple" />
            <root url="jar://$USER_HOME$/env/jdk/jdk-17.0.8/lib/src.zip!/jdk.net" type="simple" />
            <root url="jar://$USER_HOME$/env/jdk/jdk-17.0.8/lib/src.zip!/java.rmi" type="simple" />
            <root url="jar://$USER_HOME$/env/jdk/jdk-17.0.8/lib/src.zip!/java.sql" type="simple" />
            <root url="jar://$USER_HOME$/env/jdk/jdk-17.0.8/lib/src.zip!/java.xml" type="simple" />
            <root url="jar://$USER_HOME$/env/jdk/jdk-17.0.8/lib/src.zip!/jdk.jcmd" type="simple" />
            <root url="jar://$USER_HOME$/env/jdk/jdk-17.0.8/lib/src.zip!/jdk.sctp" type="simple" />
            <root url="jar://$USER_HOME$/env/jdk/jdk-17.0.8/lib/src.zip!/java.base" type="simple" />
            <root url="jar://$USER_HOME$/env/jdk/jdk-17.0.8/lib/src.zip!/jdk.jdeps" type="simple" />
            <root url="jar://$USER_HOME$/env/jdk/jdk-17.0.8/lib/src.zip!/jdk.jlink" type="simple" />
            <root url="jar://$USER_HOME$/env/jdk/jdk-17.0.8/lib/src.zip!/jdk.zipfs" type="simple" />
            <root url="jar://$USER_HOME$/env/jdk/jdk-17.0.8/lib/src.zip!/java.prefs" type="simple" />
            <root url="jar://$USER_HOME$/env/jdk/jdk-17.0.8/lib/src.zip!/jdk.attach" type="simple" />
            <root url="jar://$USER_HOME$/env/jdk/jdk-17.0.8/lib/src.zip!/jdk.jshell" type="simple" />
            <root url="jar://$USER_HOME$/env/jdk/jdk-17.0.8/lib/src.zip!/jdk.jstatd" type="simple" />
            <root url="jar://$USER_HOME$/env/jdk/jdk-17.0.8/lib/src.zip!/jdk.random" type="simple" />
            <root url="jar://$USER_HOME$/env/jdk/jdk-17.0.8/lib/src.zip!/java.naming" type="simple" />
            <root url="jar://$USER_HOME$/env/jdk/jdk-17.0.8/lib/src.zip!/jdk.editpad" type="simple" />
            <root url="jar://$USER_HOME$/env/jdk/jdk-17.0.8/lib/src.zip!/jdk.jartool" type="simple" />
            <root url="jar://$USER_HOME$/env/jdk/jdk-17.0.8/lib/src.zip!/jdk.javadoc" type="simple" />
            <root url="jar://$USER_HOME$/env/jdk/jdk-17.0.8/lib/src.zip!/jdk.xml.dom" type="simple" />
            <root url="jar://$USER_HOME$/env/jdk/jdk-17.0.8/lib/src.zip!/java.desktop" type="simple" />
            <root url="jar://$USER_HOME$/env/jdk/jdk-17.0.8/lib/src.zip!/java.logging" type="simple" />
            <root url="jar://$USER_HOME$/env/jdk/jdk-17.0.8/lib/src.zip!/jdk.charsets" type="simple" />
            <root url="jar://$USER_HOME$/env/jdk/jdk-17.0.8/lib/src.zip!/jdk.compiler" type="simple" />
            <root url="jar://$USER_HOME$/env/jdk/jdk-17.0.8/lib/src.zip!/jdk.dynalink" type="simple" />
            <root url="jar://$USER_HOME$/env/jdk/jdk-17.0.8/lib/src.zip!/jdk.jconsole" type="simple" />
            <root url="jar://$USER_HOME$/env/jdk/jdk-17.0.8/lib/src.zip!/jdk.jpackage" type="simple" />
            <root url="jar://$USER_HOME$/env/jdk/jdk-17.0.8/lib/src.zip!/jdk.jsobject" type="simple" />
            <root url="jar://$USER_HOME$/env/jdk/jdk-17.0.8/lib/src.zip!/java.compiler" type="simple" />
            <root url="jar://$USER_HOME$/env/jdk/jdk-17.0.8/lib/src.zip!/java.net.http" type="simple" />
            <root url="jar://$USER_HOME$/env/jdk/jdk-17.0.8/lib/src.zip!/jdk.crypto.ec" type="simple" />
            <root url="jar://$USER_HOME$/env/jdk/jdk-17.0.8/lib/src.zip!/java.scripting" type="simple" />
            <root url="jar://$USER_HOME$/env/jdk/jdk-17.0.8/lib/src.zip!/jdk.httpserver" type="simple" />
            <root url="jar://$USER_HOME$/env/jdk/jdk-17.0.8/lib/src.zip!/jdk.jdwp.agent" type="simple" />
            <root url="jar://$USER_HOME$/env/jdk/jdk-17.0.8/lib/src.zip!/jdk.localedata" type="simple" />
            <root url="jar://$USER_HOME$/env/jdk/jdk-17.0.8/lib/src.zip!/jdk.management" type="simple" />
            <root url="jar://$USER_HOME$/env/jdk/jdk-17.0.8/lib/src.zip!/jdk.naming.dns" type="simple" />
            <root url="jar://$USER_HOME$/env/jdk/jdk-17.0.8/lib/src.zip!/jdk.naming.rmi" type="simple" />
            <root url="jar://$USER_HOME$/env/jdk/jdk-17.0.8/lib/src.zip!/java.instrument" type="simple" />
            <root url="jar://$USER_HOME$/env/jdk/jdk-17.0.8/lib/src.zip!/java.management" type="simple" />
            <root url="jar://$USER_HOME$/env/jdk/jdk-17.0.8/lib/src.zip!/java.sql.rowset" type="simple" />
            <root url="jar://$USER_HOME$/env/jdk/jdk-17.0.8/lib/src.zip!/java.xml.crypto" type="simple" />
            <root url="jar://$USER_HOME$/env/jdk/jdk-17.0.8/lib/src.zip!/jdk.internal.ed" type="simple" />
            <root url="jar://$USER_HOME$/env/jdk/jdk-17.0.8/lib/src.zip!/jdk.internal.le" type="simple" />
            <root url="jar://$USER_HOME$/env/jdk/jdk-17.0.8/lib/src.zip!/jdk.nio.mapmode" type="simple" />
            <root url="jar://$USER_HOME$/env/jdk/jdk-17.0.8/lib/src.zip!/jdk.unsupported" type="simple" />
            <root url="jar://$USER_HOME$/env/jdk/jdk-17.0.8/lib/src.zip!/java.smartcardio" type="simple" />
            <root url="jar://$USER_HOME$/env/jdk/jdk-17.0.8/lib/src.zip!/jdk.internal.opt" type="simple" />
            <root url="jar://$USER_HOME$/env/jdk/jdk-17.0.8/lib/src.zip!/java.datatransfer" type="simple" />
            <root url="jar://$USER_HOME$/env/jdk/jdk-17.0.8/lib/src.zip!/jdk.accessibility" type="simple" />
            <root url="jar://$USER_HOME$/env/jdk/jdk-17.0.8/lib/src.zip!/jdk.hotspot.agent" type="simple" />
            <root url="jar://$USER_HOME$/env/jdk/jdk-17.0.8/lib/src.zip!/jdk.security.auth" type="simple" />
            <root url="jar://$USER_HOME$/env/jdk/jdk-17.0.8/lib/src.zip!/jdk.security.jgss" type="simple" />
            <root url="jar://$USER_HOME$/env/jdk/jdk-17.0.8/lib/src.zip!/java.security.jgss" type="simple" />
            <root url="jar://$USER_HOME$/env/jdk/jdk-17.0.8/lib/src.zip!/java.security.sasl" type="simple" />
            <root url="jar://$USER_HOME$/env/jdk/jdk-17.0.8/lib/src.zip!/jdk.internal.vm.ci" type="simple" />
            <root url="jar://$USER_HOME$/env/jdk/jdk-17.0.8/lib/src.zip!/jdk.management.jfr" type="simple" />
            <root url="jar://$USER_HOME$/env/jdk/jdk-17.0.8/lib/src.zip!/java.management.rmi" type="simple" />
            <root url="jar://$USER_HOME$/env/jdk/jdk-17.0.8/lib/src.zip!/java.transaction.xa" type="simple" />
            <root url="jar://$USER_HOME$/env/jdk/jdk-17.0.8/lib/src.zip!/jdk.crypto.cryptoki" type="simple" />
            <root url="jar://$USER_HOME$/env/jdk/jdk-17.0.8/lib/src.zip!/jdk.incubator.vector" type="simple" />
            <root url="jar://$USER_HOME$/env/jdk/jdk-17.0.8/lib/src.zip!/jdk.internal.jvmstat" type="simple" />
            <root url="jar://$USER_HOME$/env/jdk/jdk-17.0.8/lib/src.zip!/jdk.management.agent" type="simple" />
            <root url="jar://$USER_HOME$/env/jdk/jdk-17.0.8/lib/src.zip!/jdk.incubator.foreign" type="simple" />
            <root url="jar://$USER_HOME$/env/jdk/jdk-17.0.8/lib/src.zip!/jdk.unsupported.desktop" type="simple" />
            <root url="jar://$USER_HOME$/env/jdk/jdk-17.0.8/lib/src.zip!/jdk.internal.vm.compiler" type="simple" />
            <root url="jar://$USER_HOME$/env/jdk/jdk-17.0.8/lib/src.zip!/jdk.internal.vm.compiler.management" type="simple" />
          </root>
        </sourcePath>
      </roots>
      <additional />
    </jdk>
    <jdk version="2">
      <name value="Kotlin SDK" />
      <type value="KotlinSDK" />
      <homePath value="" />
      <roots>
        <annotationsPath>
          <root type="composite" />
        </annotationsPath>
        <classPath>
          <root type="composite" />
        </classPath>
        <javadocPath>
          <root type="composite" />
        </javadocPath>
        <sourcePath>
          <root type="composite" />
        </sourcePath>
      </roots>
      <additional />
    </jdk>
    <jdk version="2">
      <name value="20" />
      <type value="JavaSDK" />
      <version value="version 20.0.2" />
      <homePath value="/usr/lib/jvm/java-20-openjdk" />
      <roots>
        <annotationsPath>
          <root type="composite">
            <root url="jar://$APPLICATION_HOME_DIR$/plugins/java/lib/resources/jdkAnnotations.jar!/" type="simple" />
          </root>
        </annotationsPath>
        <classPath>
          <root type="composite">
            <root url="jrt:///usr/lib/jvm/java-20-openjdk!/java.base" type="simple" />
            <root url="jrt:///usr/lib/jvm/java-20-openjdk!/java.compiler" type="simple" />
            <root url="jrt:///usr/lib/jvm/java-20-openjdk!/java.datatransfer" type="simple" />
            <root url="jrt:///usr/lib/jvm/java-20-openjdk!/java.desktop" type="simple" />
            <root url="jrt:///usr/lib/jvm/java-20-openjdk!/java.instrument" type="simple" />
            <root url="jrt:///usr/lib/jvm/java-20-openjdk!/java.logging" type="simple" />
            <root url="jrt:///usr/lib/jvm/java-20-openjdk!/java.management" type="simple" />
            <root url="jrt:///usr/lib/jvm/java-20-openjdk!/java.management.rmi" type="simple" />
            <root url="jrt:///usr/lib/jvm/java-20-openjdk!/java.naming" type="simple" />
            <root url="jrt:///usr/lib/jvm/java-20-openjdk!/java.net.http" type="simple" />
            <root url="jrt:///usr/lib/jvm/java-20-openjdk!/java.prefs" type="simple" />
            <root url="jrt:///usr/lib/jvm/java-20-openjdk!/java.rmi" type="simple" />
            <root url="jrt:///usr/lib/jvm/java-20-openjdk!/java.scripting" type="simple" />
            <root url="jrt:///usr/lib/jvm/java-20-openjdk!/java.se" type="simple" />
            <root url="jrt:///usr/lib/jvm/java-20-openjdk!/java.security.jgss" type="simple" />
            <root url="jrt:///usr/lib/jvm/java-20-openjdk!/java.security.sasl" type="simple" />
            <root url="jrt:///usr/lib/jvm/java-20-openjdk!/java.smartcardio" type="simple" />
            <root url="jrt:///usr/lib/jvm/java-20-openjdk!/java.sql" type="simple" />
            <root url="jrt:///usr/lib/jvm/java-20-openjdk!/java.sql.rowset" type="simple" />
            <root url="jrt:///usr/lib/jvm/java-20-openjdk!/java.transaction.xa" type="simple" />
            <root url="jrt:///usr/lib/jvm/java-20-openjdk!/java.xml" type="simple" />
            <root url="jrt:///usr/lib/jvm/java-20-openjdk!/java.xml.crypto" type="simple" />
            <root url="jrt:///usr/lib/jvm/java-20-openjdk!/jdk.accessibility" type="simple" />
            <root url="jrt:///usr/lib/jvm/java-20-openjdk!/jdk.attach" type="simple" />
            <root url="jrt:///usr/lib/jvm/java-20-openjdk!/jdk.charsets" type="simple" />
            <root url="jrt:///usr/lib/jvm/java-20-openjdk!/jdk.compiler" type="simple" />
            <root url="jrt:///usr/lib/jvm/java-20-openjdk!/jdk.crypto.cryptoki" type="simple" />
            <root url="jrt:///usr/lib/jvm/java-20-openjdk!/jdk.crypto.ec" type="simple" />
            <root url="jrt:///usr/lib/jvm/java-20-openjdk!/jdk.dynalink" type="simple" />
            <root url="jrt:///usr/lib/jvm/java-20-openjdk!/jdk.editpad" type="simple" />
            <root url="jrt:///usr/lib/jvm/java-20-openjdk!/jdk.hotspot.agent" type="simple" />
            <root url="jrt:///usr/lib/jvm/java-20-openjdk!/jdk.httpserver" type="simple" />
            <root url="jrt:///usr/lib/jvm/java-20-openjdk!/jdk.incubator.concurrent" type="simple" />
            <root url="jrt:///usr/lib/jvm/java-20-openjdk!/jdk.incubator.vector" type="simple" />
            <root url="jrt:///usr/lib/jvm/java-20-openjdk!/jdk.internal.ed" type="simple" />
            <root url="jrt:///usr/lib/jvm/java-20-openjdk!/jdk.internal.jvmstat" type="simple" />
            <root url="jrt:///usr/lib/jvm/java-20-openjdk!/jdk.internal.le" type="simple" />
            <root url="jrt:///usr/lib/jvm/java-20-openjdk!/jdk.internal.opt" type="simple" />
            <root url="jrt:///usr/lib/jvm/java-20-openjdk!/jdk.internal.vm.ci" type="simple" />
            <root url="jrt:///usr/lib/jvm/java-20-openjdk!/jdk.internal.vm.compiler" type="simple" />
            <root url="jrt:///usr/lib/jvm/java-20-openjdk!/jdk.internal.vm.compiler.management" type="simple" />
            <root url="jrt:///usr/lib/jvm/java-20-openjdk!/jdk.jartool" type="simple" />
            <root url="jrt:///usr/lib/jvm/java-20-openjdk!/jdk.javadoc" type="simple" />
            <root url="jrt:///usr/lib/jvm/java-20-openjdk!/jdk.jcmd" type="simple" />
            <root url="jrt:///usr/lib/jvm/java-20-openjdk!/jdk.jconsole" type="simple" />
            <root url="jrt:///usr/lib/jvm/java-20-openjdk!/jdk.jdeps" type="simple" />
            <root url="jrt:///usr/lib/jvm/java-20-openjdk!/jdk.jdi" type="simple" />
            <root url="jrt:///usr/lib/jvm/java-20-openjdk!/jdk.jdwp.agent" type="simple" />
            <root url="jrt:///usr/lib/jvm/java-20-openjdk!/jdk.jfr" type="simple" />
            <root url="jrt:///usr/lib/jvm/java-20-openjdk!/jdk.jlink" type="simple" />
            <root url="jrt:///usr/lib/jvm/java-20-openjdk!/jdk.jpackage" type="simple" />
            <root url="jrt:///usr/lib/jvm/java-20-openjdk!/jdk.jshell" type="simple" />
            <root url="jrt:///usr/lib/jvm/java-20-openjdk!/jdk.jsobject" type="simple" />
            <root url="jrt:///usr/lib/jvm/java-20-openjdk!/jdk.jstatd" type="simple" />
            <root url="jrt:///usr/lib/jvm/java-20-openjdk!/jdk.localedata" type="simple" />
            <root url="jrt:///usr/lib/jvm/java-20-openjdk!/jdk.management" type="simple" />
            <root url="jrt:///usr/lib/jvm/java-20-openjdk!/jdk.management.agent" type="simple" />
            <root url="jrt:///usr/lib/jvm/java-20-openjdk!/jdk.management.jfr" type="simple" />
            <root url="jrt:///usr/lib/jvm/java-20-openjdk!/jdk.naming.dns" type="simple" />
            <root url="jrt:///usr/lib/jvm/java-20-openjdk!/jdk.naming.rmi" type="simple" />
            <root url="jrt:///usr/lib/jvm/java-20-openjdk!/jdk.net" type="simple" />
            <root url="jrt:///usr/lib/jvm/java-20-openjdk!/jdk.nio.mapmode" type="simple" />
            <root url="jrt:///usr/lib/jvm/java-20-openjdk!/jdk.random" type="simple" />
            <root url="jrt:///usr/lib/jvm/java-20-openjdk!/jdk.sctp" type="simple" />
            <root url="jrt:///usr/lib/jvm/java-20-openjdk!/jdk.security.auth" type="simple" />
            <root url="jrt:///usr/lib/jvm/java-20-openjdk!/jdk.security.jgss" type="simple" />
            <root url="jrt:///usr/lib/jvm/java-20-openjdk!/jdk.unsupported" type="simple" />
            <root url="jrt:///usr/lib/jvm/java-20-openjdk!/jdk.unsupported.desktop" type="simple" />
            <root url="jrt:///usr/lib/jvm/java-20-openjdk!/jdk.xml.dom" type="simple" />
            <root url="jrt:///usr/lib/jvm/java-20-openjdk!/jdk.zipfs" type="simple" />
          </root>
        </classPath>
        <javadocPath>
          <root type="composite">
            <root url="https://docs.oracle.com/en/java/javase/20/docs/api/" type="simple" />
          </root>
        </javadocPath>
        <sourcePath>
          <root type="composite" />
        </sourcePath>
      </roots>
      <additional />
    </jdk>
    <jdk version="2">
      <name value="openjdk-20" />
      <type value="JavaSDK" />
      <version value="Oracle OpenJDK version 20.0.2" />
      <homePath value="$USER_HOME$/env/jdk/openjdk-20.0.2" />
      <roots>
        <annotationsPath>
          <root type="composite">
            <root url="jar://$APPLICATION_HOME_DIR$/plugins/java/lib/resources/jdkAnnotations.jar!/" type="simple" />
          </root>
        </annotationsPath>
        <classPath>
          <root type="composite">
            <root url="jrt:///home/yxyl/env/jdk/openjdk-20.0.2!/java.base" type="simple" />
            <root url="jrt:///home/yxyl/env/jdk/openjdk-20.0.2!/java.compiler" type="simple" />
            <root url="jrt:///home/yxyl/env/jdk/openjdk-20.0.2!/java.datatransfer" type="simple" />
            <root url="jrt:///home/yxyl/env/jdk/openjdk-20.0.2!/java.desktop" type="simple" />
            <root url="jrt:///home/yxyl/env/jdk/openjdk-20.0.2!/java.instrument" type="simple" />
            <root url="jrt:///home/yxyl/env/jdk/openjdk-20.0.2!/java.logging" type="simple" />
            <root url="jrt:///home/yxyl/env/jdk/openjdk-20.0.2!/java.management" type="simple" />
            <root url="jrt:///home/yxyl/env/jdk/openjdk-20.0.2!/java.management.rmi" type="simple" />
            <root url="jrt:///home/yxyl/env/jdk/openjdk-20.0.2!/java.naming" type="simple" />
            <root url="jrt:///home/yxyl/env/jdk/openjdk-20.0.2!/java.net.http" type="simple" />
            <root url="jrt:///home/yxyl/env/jdk/openjdk-20.0.2!/java.prefs" type="simple" />
            <root url="jrt:///home/yxyl/env/jdk/openjdk-20.0.2!/java.rmi" type="simple" />
            <root url="jrt:///home/yxyl/env/jdk/openjdk-20.0.2!/java.scripting" type="simple" />
            <root url="jrt:///home/yxyl/env/jdk/openjdk-20.0.2!/java.se" type="simple" />
            <root url="jrt:///home/yxyl/env/jdk/openjdk-20.0.2!/java.security.jgss" type="simple" />
            <root url="jrt:///home/yxyl/env/jdk/openjdk-20.0.2!/java.security.sasl" type="simple" />
            <root url="jrt:///home/yxyl/env/jdk/openjdk-20.0.2!/java.smartcardio" type="simple" />
            <root url="jrt:///home/yxyl/env/jdk/openjdk-20.0.2!/java.sql" type="simple" />
            <root url="jrt:///home/yxyl/env/jdk/openjdk-20.0.2!/java.sql.rowset" type="simple" />
            <root url="jrt:///home/yxyl/env/jdk/openjdk-20.0.2!/java.transaction.xa" type="simple" />
            <root url="jrt:///home/yxyl/env/jdk/openjdk-20.0.2!/java.xml" type="simple" />
            <root url="jrt:///home/yxyl/env/jdk/openjdk-20.0.2!/java.xml.crypto" type="simple" />
            <root url="jrt:///home/yxyl/env/jdk/openjdk-20.0.2!/jdk.accessibility" type="simple" />
            <root url="jrt:///home/yxyl/env/jdk/openjdk-20.0.2!/jdk.attach" type="simple" />
            <root url="jrt:///home/yxyl/env/jdk/openjdk-20.0.2!/jdk.charsets" type="simple" />
            <root url="jrt:///home/yxyl/env/jdk/openjdk-20.0.2!/jdk.compiler" type="simple" />
            <root url="jrt:///home/yxyl/env/jdk/openjdk-20.0.2!/jdk.crypto.cryptoki" type="simple" />
            <root url="jrt:///home/yxyl/env/jdk/openjdk-20.0.2!/jdk.crypto.ec" type="simple" />
            <root url="jrt:///home/yxyl/env/jdk/openjdk-20.0.2!/jdk.dynalink" type="simple" />
            <root url="jrt:///home/yxyl/env/jdk/openjdk-20.0.2!/jdk.editpad" type="simple" />
            <root url="jrt:///home/yxyl/env/jdk/openjdk-20.0.2!/jdk.hotspot.agent" type="simple" />
            <root url="jrt:///home/yxyl/env/jdk/openjdk-20.0.2!/jdk.httpserver" type="simple" />
            <root url="jrt:///home/yxyl/env/jdk/openjdk-20.0.2!/jdk.incubator.concurrent" type="simple" />
            <root url="jrt:///home/yxyl/env/jdk/openjdk-20.0.2!/jdk.incubator.vector" type="simple" />
            <root url="jrt:///home/yxyl/env/jdk/openjdk-20.0.2!/jdk.internal.ed" type="simple" />
            <root url="jrt:///home/yxyl/env/jdk/openjdk-20.0.2!/jdk.internal.jvmstat" type="simple" />
            <root url="jrt:///home/yxyl/env/jdk/openjdk-20.0.2!/jdk.internal.le" type="simple" />
            <root url="jrt:///home/yxyl/env/jdk/openjdk-20.0.2!/jdk.internal.opt" type="simple" />
            <root url="jrt:///home/yxyl/env/jdk/openjdk-20.0.2!/jdk.internal.vm.ci" type="simple" />
            <root url="jrt:///home/yxyl/env/jdk/openjdk-20.0.2!/jdk.internal.vm.compiler" type="simple" />
            <root url="jrt:///home/yxyl/env/jdk/openjdk-20.0.2!/jdk.internal.vm.compiler.management" type="simple" />
            <root url="jrt:///home/yxyl/env/jdk/openjdk-20.0.2!/jdk.jartool" type="simple" />
            <root url="jrt:///home/yxyl/env/jdk/openjdk-20.0.2!/jdk.javadoc" type="simple" />
            <root url="jrt:///home/yxyl/env/jdk/openjdk-20.0.2!/jdk.jcmd" type="simple" />
            <root url="jrt:///home/yxyl/env/jdk/openjdk-20.0.2!/jdk.jconsole" type="simple" />
            <root url="jrt:///home/yxyl/env/jdk/openjdk-20.0.2!/jdk.jdeps" type="simple" />
            <root url="jrt:///home/yxyl/env/jdk/openjdk-20.0.2!/jdk.jdi" type="simple" />
            <root url="jrt:///home/yxyl/env/jdk/openjdk-20.0.2!/jdk.jdwp.agent" type="simple" />
            <root url="jrt:///home/yxyl/env/jdk/openjdk-20.0.2!/jdk.jfr" type="simple" />
            <root url="jrt:///home/yxyl/env/jdk/openjdk-20.0.2!/jdk.jlink" type="simple" />
            <root url="jrt:///home/yxyl/env/jdk/openjdk-20.0.2!/jdk.jpackage" type="simple" />
            <root url="jrt:///home/yxyl/env/jdk/openjdk-20.0.2!/jdk.jshell" type="simple" />
            <root url="jrt:///home/yxyl/env/jdk/openjdk-20.0.2!/jdk.jsobject" type="simple" />
            <root url="jrt:///home/yxyl/env/jdk/openjdk-20.0.2!/jdk.jstatd" type="simple" />
            <root url="jrt:///home/yxyl/env/jdk/openjdk-20.0.2!/jdk.localedata" type="simple" />
            <root url="jrt:///home/yxyl/env/jdk/openjdk-20.0.2!/jdk.management" type="simple" />
            <root url="jrt:///home/yxyl/env/jdk/openjdk-20.0.2!/jdk.management.agent" type="simple" />
            <root url="jrt:///home/yxyl/env/jdk/openjdk-20.0.2!/jdk.management.jfr" type="simple" />
            <root url="jrt:///home/yxyl/env/jdk/openjdk-20.0.2!/jdk.naming.dns" type="simple" />
            <root url="jrt:///home/yxyl/env/jdk/openjdk-20.0.2!/jdk.naming.rmi" type="simple" />
            <root url="jrt:///home/yxyl/env/jdk/openjdk-20.0.2!/jdk.net" type="simple" />
            <root url="jrt:///home/yxyl/env/jdk/openjdk-20.0.2!/jdk.nio.mapmode" type="simple" />
            <root url="jrt:///home/yxyl/env/jdk/openjdk-20.0.2!/jdk.random" type="simple" />
            <root url="jrt:///home/yxyl/env/jdk/openjdk-20.0.2!/jdk.sctp" type="simple" />
            <root url="jrt:///home/yxyl/env/jdk/openjdk-20.0.2!/jdk.security.auth" type="simple" />
            <root url="jrt:///home/yxyl/env/jdk/openjdk-20.0.2!/jdk.security.jgss" type="simple" />
            <root url="jrt:///home/yxyl/env/jdk/openjdk-20.0.2!/jdk.unsupported" type="simple" />
            <root url="jrt:///home/yxyl/env/jdk/openjdk-20.0.2!/jdk.unsupported.desktop" type="simple" />
            <root url="jrt:///home/yxyl/env/jdk/openjdk-20.0.2!/jdk.xml.dom" type="simple" />
            <root url="jrt:///home/yxyl/env/jdk/openjdk-20.0.2!/jdk.zipfs" type="simple" />
          </root>
        </classPath>
        <javadocPath>
          <root type="composite" />
        </javadocPath>
        <sourcePath>
          <root type="composite">
            <root url="jar://$USER_HOME$/env/jdk/openjdk-20.0.2/lib/src.zip!/java.se" type="simple" />
            <root url="jar://$USER_HOME$/env/jdk/openjdk-20.0.2/lib/src.zip!/jdk.jdi" type="simple" />
            <root url="jar://$USER_HOME$/env/jdk/openjdk-20.0.2/lib/src.zip!/jdk.jfr" type="simple" />
            <root url="jar://$USER_HOME$/env/jdk/openjdk-20.0.2/lib/src.zip!/jdk.net" type="simple" />
            <root url="jar://$USER_HOME$/env/jdk/openjdk-20.0.2/lib/src.zip!/java.rmi" type="simple" />
            <root url="jar://$USER_HOME$/env/jdk/openjdk-20.0.2/lib/src.zip!/java.sql" type="simple" />
            <root url="jar://$USER_HOME$/env/jdk/openjdk-20.0.2/lib/src.zip!/java.xml" type="simple" />
            <root url="jar://$USER_HOME$/env/jdk/openjdk-20.0.2/lib/src.zip!/jdk.jcmd" type="simple" />
            <root url="jar://$USER_HOME$/env/jdk/openjdk-20.0.2/lib/src.zip!/jdk.sctp" type="simple" />
            <root url="jar://$USER_HOME$/env/jdk/openjdk-20.0.2/lib/src.zip!/java.base" type="simple" />
            <root url="jar://$USER_HOME$/env/jdk/openjdk-20.0.2/lib/src.zip!/jdk.jdeps" type="simple" />
            <root url="jar://$USER_HOME$/env/jdk/openjdk-20.0.2/lib/src.zip!/jdk.jlink" type="simple" />
            <root url="jar://$USER_HOME$/env/jdk/openjdk-20.0.2/lib/src.zip!/jdk.zipfs" type="simple" />
            <root url="jar://$USER_HOME$/env/jdk/openjdk-20.0.2/lib/src.zip!/java.prefs" type="simple" />
            <root url="jar://$USER_HOME$/env/jdk/openjdk-20.0.2/lib/src.zip!/jdk.attach" type="simple" />
            <root url="jar://$USER_HOME$/env/jdk/openjdk-20.0.2/lib/src.zip!/jdk.jshell" type="simple" />
            <root url="jar://$USER_HOME$/env/jdk/openjdk-20.0.2/lib/src.zip!/jdk.jstatd" type="simple" />
            <root url="jar://$USER_HOME$/env/jdk/openjdk-20.0.2/lib/src.zip!/jdk.random" type="simple" />
            <root url="jar://$USER_HOME$/env/jdk/openjdk-20.0.2/lib/src.zip!/java.naming" type="simple" />
            <root url="jar://$USER_HOME$/env/jdk/openjdk-20.0.2/lib/src.zip!/jdk.editpad" type="simple" />
            <root url="jar://$USER_HOME$/env/jdk/openjdk-20.0.2/lib/src.zip!/jdk.jartool" type="simple" />
            <root url="jar://$USER_HOME$/env/jdk/openjdk-20.0.2/lib/src.zip!/jdk.javadoc" type="simple" />
            <root url="jar://$USER_HOME$/env/jdk/openjdk-20.0.2/lib/src.zip!/jdk.xml.dom" type="simple" />
            <root url="jar://$USER_HOME$/env/jdk/openjdk-20.0.2/lib/src.zip!/java.desktop" type="simple" />
            <root url="jar://$USER_HOME$/env/jdk/openjdk-20.0.2/lib/src.zip!/java.logging" type="simple" />
            <root url="jar://$USER_HOME$/env/jdk/openjdk-20.0.2/lib/src.zip!/jdk.charsets" type="simple" />
            <root url="jar://$USER_HOME$/env/jdk/openjdk-20.0.2/lib/src.zip!/jdk.compiler" type="simple" />
            <root url="jar://$USER_HOME$/env/jdk/openjdk-20.0.2/lib/src.zip!/jdk.dynalink" type="simple" />
            <root url="jar://$USER_HOME$/env/jdk/openjdk-20.0.2/lib/src.zip!/jdk.jconsole" type="simple" />
            <root url="jar://$USER_HOME$/env/jdk/openjdk-20.0.2/lib/src.zip!/jdk.jpackage" type="simple" />
            <root url="jar://$USER_HOME$/env/jdk/openjdk-20.0.2/lib/src.zip!/jdk.jsobject" type="simple" />
            <root url="jar://$USER_HOME$/env/jdk/openjdk-20.0.2/lib/src.zip!/java.compiler" type="simple" />
            <root url="jar://$USER_HOME$/env/jdk/openjdk-20.0.2/lib/src.zip!/java.net.http" type="simple" />
            <root url="jar://$USER_HOME$/env/jdk/openjdk-20.0.2/lib/src.zip!/jdk.crypto.ec" type="simple" />
            <root url="jar://$USER_HOME$/env/jdk/openjdk-20.0.2/lib/src.zip!/java.scripting" type="simple" />
            <root url="jar://$USER_HOME$/env/jdk/openjdk-20.0.2/lib/src.zip!/jdk.httpserver" type="simple" />
            <root url="jar://$USER_HOME$/env/jdk/openjdk-20.0.2/lib/src.zip!/jdk.jdwp.agent" type="simple" />
            <root url="jar://$USER_HOME$/env/jdk/openjdk-20.0.2/lib/src.zip!/jdk.localedata" type="simple" />
            <root url="jar://$USER_HOME$/env/jdk/openjdk-20.0.2/lib/src.zip!/jdk.management" type="simple" />
            <root url="jar://$USER_HOME$/env/jdk/openjdk-20.0.2/lib/src.zip!/jdk.naming.dns" type="simple" />
            <root url="jar://$USER_HOME$/env/jdk/openjdk-20.0.2/lib/src.zip!/jdk.naming.rmi" type="simple" />
            <root url="jar://$USER_HOME$/env/jdk/openjdk-20.0.2/lib/src.zip!/java.instrument" type="simple" />
            <root url="jar://$USER_HOME$/env/jdk/openjdk-20.0.2/lib/src.zip!/java.management" type="simple" />
            <root url="jar://$USER_HOME$/env/jdk/openjdk-20.0.2/lib/src.zip!/java.sql.rowset" type="simple" />
            <root url="jar://$USER_HOME$/env/jdk/openjdk-20.0.2/lib/src.zip!/java.xml.crypto" type="simple" />
            <root url="jar://$USER_HOME$/env/jdk/openjdk-20.0.2/lib/src.zip!/jdk.internal.ed" type="simple" />
            <root url="jar://$USER_HOME$/env/jdk/openjdk-20.0.2/lib/src.zip!/jdk.internal.le" type="simple" />
            <root url="jar://$USER_HOME$/env/jdk/openjdk-20.0.2/lib/src.zip!/jdk.nio.mapmode" type="simple" />
            <root url="jar://$USER_HOME$/env/jdk/openjdk-20.0.2/lib/src.zip!/jdk.unsupported" type="simple" />
            <root url="jar://$USER_HOME$/env/jdk/openjdk-20.0.2/lib/src.zip!/java.smartcardio" type="simple" />
            <root url="jar://$USER_HOME$/env/jdk/openjdk-20.0.2/lib/src.zip!/jdk.internal.opt" type="simple" />
            <root url="jar://$USER_HOME$/env/jdk/openjdk-20.0.2/lib/src.zip!/java.datatransfer" type="simple" />
            <root url="jar://$USER_HOME$/env/jdk/openjdk-20.0.2/lib/src.zip!/jdk.accessibility" type="simple" />
            <root url="jar://$USER_HOME$/env/jdk/openjdk-20.0.2/lib/src.zip!/jdk.hotspot.agent" type="simple" />
            <root url="jar://$USER_HOME$/env/jdk/openjdk-20.0.2/lib/src.zip!/jdk.security.auth" type="simple" />
            <root url="jar://$USER_HOME$/env/jdk/openjdk-20.0.2/lib/src.zip!/jdk.security.jgss" type="simple" />
            <root url="jar://$USER_HOME$/env/jdk/openjdk-20.0.2/lib/src.zip!/java.security.jgss" type="simple" />
            <root url="jar://$USER_HOME$/env/jdk/openjdk-20.0.2/lib/src.zip!/java.security.sasl" type="simple" />
            <root url="jar://$USER_HOME$/env/jdk/openjdk-20.0.2/lib/src.zip!/jdk.internal.vm.ci" type="simple" />
            <root url="jar://$USER_HOME$/env/jdk/openjdk-20.0.2/lib/src.zip!/jdk.management.jfr" type="simple" />
            <root url="jar://$USER_HOME$/env/jdk/openjdk-20.0.2/lib/src.zip!/java.management.rmi" type="simple" />
            <root url="jar://$USER_HOME$/env/jdk/openjdk-20.0.2/lib/src.zip!/java.transaction.xa" type="simple" />
            <root url="jar://$USER_HOME$/env/jdk/openjdk-20.0.2/lib/src.zip!/jdk.crypto.cryptoki" type="simple" />
            <root url="jar://$USER_HOME$/env/jdk/openjdk-20.0.2/lib/src.zip!/jdk.incubator.vector" type="simple" />
            <root url="jar://$USER_HOME$/env/jdk/openjdk-20.0.2/lib/src.zip!/jdk.internal.jvmstat" type="simple" />
            <root url="jar://$USER_HOME$/env/jdk/openjdk-20.0.2/lib/src.zip!/jdk.management.agent" type="simple" />
            <root url="jar://$USER_HOME$/env/jdk/openjdk-20.0.2/lib/src.zip!/jdk.unsupported.desktop" type="simple" />
            <root url="jar://$USER_HOME$/env/jdk/openjdk-20.0.2/lib/src.zip!/jdk.incubator.concurrent" type="simple" />
            <root url="jar://$USER_HOME$/env/jdk/openjdk-20.0.2/lib/src.zip!/jdk.internal.vm.compiler" type="simple" />
            <root url="jar://$USER_HOME$/env/jdk/openjdk-20.0.2/lib/src.zip!/jdk.internal.vm.compiler.management" type="simple" />
          </root>
        </sourcePath>
      </roots>
      <additional />
    </jdk>
    <jdk version="2">
      <name value="corretto-19" />
      <type value="JavaSDK" />
      <version value="Amazon Corretto version 19.0.2" />
      <homePath value="$USER_HOME$/env/jdk/corretto-19.0.2" />
      <roots>
        <annotationsPath>
          <root type="composite">
            <root url="jar://$APPLICATION_HOME_DIR$/plugins/java/lib/resources/jdkAnnotations.jar!/" type="simple" />
          </root>
        </annotationsPath>
        <classPath>
          <root type="composite">
            <root url="jrt:///home/yxyl/env/jdk/corretto-19.0.2!/java.base" type="simple" />
            <root url="jrt:///home/yxyl/env/jdk/corretto-19.0.2!/java.compiler" type="simple" />
            <root url="jrt:///home/yxyl/env/jdk/corretto-19.0.2!/java.datatransfer" type="simple" />
            <root url="jrt:///home/yxyl/env/jdk/corretto-19.0.2!/java.desktop" type="simple" />
            <root url="jrt:///home/yxyl/env/jdk/corretto-19.0.2!/java.instrument" type="simple" />
            <root url="jrt:///home/yxyl/env/jdk/corretto-19.0.2!/java.logging" type="simple" />
            <root url="jrt:///home/yxyl/env/jdk/corretto-19.0.2!/java.management" type="simple" />
            <root url="jrt:///home/yxyl/env/jdk/corretto-19.0.2!/java.management.rmi" type="simple" />
            <root url="jrt:///home/yxyl/env/jdk/corretto-19.0.2!/java.naming" type="simple" />
            <root url="jrt:///home/yxyl/env/jdk/corretto-19.0.2!/java.net.http" type="simple" />
            <root url="jrt:///home/yxyl/env/jdk/corretto-19.0.2!/java.prefs" type="simple" />
            <root url="jrt:///home/yxyl/env/jdk/corretto-19.0.2!/java.rmi" type="simple" />
            <root url="jrt:///home/yxyl/env/jdk/corretto-19.0.2!/java.scripting" type="simple" />
            <root url="jrt:///home/yxyl/env/jdk/corretto-19.0.2!/java.se" type="simple" />
            <root url="jrt:///home/yxyl/env/jdk/corretto-19.0.2!/java.security.jgss" type="simple" />
            <root url="jrt:///home/yxyl/env/jdk/corretto-19.0.2!/java.security.sasl" type="simple" />
            <root url="jrt:///home/yxyl/env/jdk/corretto-19.0.2!/java.smartcardio" type="simple" />
            <root url="jrt:///home/yxyl/env/jdk/corretto-19.0.2!/java.sql" type="simple" />
            <root url="jrt:///home/yxyl/env/jdk/corretto-19.0.2!/java.sql.rowset" type="simple" />
            <root url="jrt:///home/yxyl/env/jdk/corretto-19.0.2!/java.transaction.xa" type="simple" />
            <root url="jrt:///home/yxyl/env/jdk/corretto-19.0.2!/java.xml" type="simple" />
            <root url="jrt:///home/yxyl/env/jdk/corretto-19.0.2!/java.xml.crypto" type="simple" />
            <root url="jrt:///home/yxyl/env/jdk/corretto-19.0.2!/jdk.accessibility" type="simple" />
            <root url="jrt:///home/yxyl/env/jdk/corretto-19.0.2!/jdk.attach" type="simple" />
            <root url="jrt:///home/yxyl/env/jdk/corretto-19.0.2!/jdk.charsets" type="simple" />
            <root url="jrt:///home/yxyl/env/jdk/corretto-19.0.2!/jdk.compiler" type="simple" />
            <root url="jrt:///home/yxyl/env/jdk/corretto-19.0.2!/jdk.crypto.cryptoki" type="simple" />
            <root url="jrt:///home/yxyl/env/jdk/corretto-19.0.2!/jdk.crypto.ec" type="simple" />
            <root url="jrt:///home/yxyl/env/jdk/corretto-19.0.2!/jdk.dynalink" type="simple" />
            <root url="jrt:///home/yxyl/env/jdk/corretto-19.0.2!/jdk.editpad" type="simple" />
            <root url="jrt:///home/yxyl/env/jdk/corretto-19.0.2!/jdk.hotspot.agent" type="simple" />
            <root url="jrt:///home/yxyl/env/jdk/corretto-19.0.2!/jdk.httpserver" type="simple" />
            <root url="jrt:///home/yxyl/env/jdk/corretto-19.0.2!/jdk.incubator.concurrent" type="simple" />
            <root url="jrt:///home/yxyl/env/jdk/corretto-19.0.2!/jdk.incubator.vector" type="simple" />
            <root url="jrt:///home/yxyl/env/jdk/corretto-19.0.2!/jdk.internal.ed" type="simple" />
            <root url="jrt:///home/yxyl/env/jdk/corretto-19.0.2!/jdk.internal.jvmstat" type="simple" />
            <root url="jrt:///home/yxyl/env/jdk/corretto-19.0.2!/jdk.internal.le" type="simple" />
            <root url="jrt:///home/yxyl/env/jdk/corretto-19.0.2!/jdk.internal.opt" type="simple" />
            <root url="jrt:///home/yxyl/env/jdk/corretto-19.0.2!/jdk.internal.vm.ci" type="simple" />
            <root url="jrt:///home/yxyl/env/jdk/corretto-19.0.2!/jdk.internal.vm.compiler" type="simple" />
            <root url="jrt:///home/yxyl/env/jdk/corretto-19.0.2!/jdk.internal.vm.compiler.management" type="simple" />
            <root url="jrt:///home/yxyl/env/jdk/corretto-19.0.2!/jdk.jartool" type="simple" />
            <root url="jrt:///home/yxyl/env/jdk/corretto-19.0.2!/jdk.javadoc" type="simple" />
            <root url="jrt:///home/yxyl/env/jdk/corretto-19.0.2!/jdk.jcmd" type="simple" />
            <root url="jrt:///home/yxyl/env/jdk/corretto-19.0.2!/jdk.jconsole" type="simple" />
            <root url="jrt:///home/yxyl/env/jdk/corretto-19.0.2!/jdk.jdeps" type="simple" />
            <root url="jrt:///home/yxyl/env/jdk/corretto-19.0.2!/jdk.jdi" type="simple" />
            <root url="jrt:///home/yxyl/env/jdk/corretto-19.0.2!/jdk.jdwp.agent" type="simple" />
            <root url="jrt:///home/yxyl/env/jdk/corretto-19.0.2!/jdk.jfr" type="simple" />
            <root url="jrt:///home/yxyl/env/jdk/corretto-19.0.2!/jdk.jlink" type="simple" />
            <root url="jrt:///home/yxyl/env/jdk/corretto-19.0.2!/jdk.jpackage" type="simple" />
            <root url="jrt:///home/yxyl/env/jdk/corretto-19.0.2!/jdk.jshell" type="simple" />
            <root url="jrt:///home/yxyl/env/jdk/corretto-19.0.2!/jdk.jsobject" type="simple" />
            <root url="jrt:///home/yxyl/env/jdk/corretto-19.0.2!/jdk.jstatd" type="simple" />
            <root url="jrt:///home/yxyl/env/jdk/corretto-19.0.2!/jdk.localedata" type="simple" />
            <root url="jrt:///home/yxyl/env/jdk/corretto-19.0.2!/jdk.management" type="simple" />
            <root url="jrt:///home/yxyl/env/jdk/corretto-19.0.2!/jdk.management.agent" type="simple" />
            <root url="jrt:///home/yxyl/env/jdk/corretto-19.0.2!/jdk.management.jfr" type="simple" />
            <root url="jrt:///home/yxyl/env/jdk/corretto-19.0.2!/jdk.naming.dns" type="simple" />
            <root url="jrt:///home/yxyl/env/jdk/corretto-19.0.2!/jdk.naming.rmi" type="simple" />
            <root url="jrt:///home/yxyl/env/jdk/corretto-19.0.2!/jdk.net" type="simple" />
            <root url="jrt:///home/yxyl/env/jdk/corretto-19.0.2!/jdk.nio.mapmode" type="simple" />
            <root url="jrt:///home/yxyl/env/jdk/corretto-19.0.2!/jdk.random" type="simple" />
            <root url="jrt:///home/yxyl/env/jdk/corretto-19.0.2!/jdk.sctp" type="simple" />
            <root url="jrt:///home/yxyl/env/jdk/corretto-19.0.2!/jdk.security.auth" type="simple" />
            <root url="jrt:///home/yxyl/env/jdk/corretto-19.0.2!/jdk.security.jgss" type="simple" />
            <root url="jrt:///home/yxyl/env/jdk/corretto-19.0.2!/jdk.unsupported" type="simple" />
            <root url="jrt:///home/yxyl/env/jdk/corretto-19.0.2!/jdk.unsupported.desktop" type="simple" />
            <root url="jrt:///home/yxyl/env/jdk/corretto-19.0.2!/jdk.xml.dom" type="simple" />
            <root url="jrt:///home/yxyl/env/jdk/corretto-19.0.2!/jdk.zipfs" type="simple" />
          </root>
        </classPath>
        <javadocPath>
          <root type="composite" />
        </javadocPath>
        <sourcePath>
          <root type="composite">
            <root url="jar://$USER_HOME$/env/jdk/corretto-19.0.2/lib/src.zip!/java.se" type="simple" />
            <root url="jar://$USER_HOME$/env/jdk/corretto-19.0.2/lib/src.zip!/jdk.jdi" type="simple" />
            <root url="jar://$USER_HOME$/env/jdk/corretto-19.0.2/lib/src.zip!/jdk.jfr" type="simple" />
            <root url="jar://$USER_HOME$/env/jdk/corretto-19.0.2/lib/src.zip!/jdk.net" type="simple" />
            <root url="jar://$USER_HOME$/env/jdk/corretto-19.0.2/lib/src.zip!/java.rmi" type="simple" />
            <root url="jar://$USER_HOME$/env/jdk/corretto-19.0.2/lib/src.zip!/java.sql" type="simple" />
            <root url="jar://$USER_HOME$/env/jdk/corretto-19.0.2/lib/src.zip!/java.xml" type="simple" />
            <root url="jar://$USER_HOME$/env/jdk/corretto-19.0.2/lib/src.zip!/jdk.jcmd" type="simple" />
            <root url="jar://$USER_HOME$/env/jdk/corretto-19.0.2/lib/src.zip!/jdk.sctp" type="simple" />
            <root url="jar://$USER_HOME$/env/jdk/corretto-19.0.2/lib/src.zip!/java.base" type="simple" />
            <root url="jar://$USER_HOME$/env/jdk/corretto-19.0.2/lib/src.zip!/jdk.jdeps" type="simple" />
            <root url="jar://$USER_HOME$/env/jdk/corretto-19.0.2/lib/src.zip!/jdk.jlink" type="simple" />
            <root url="jar://$USER_HOME$/env/jdk/corretto-19.0.2/lib/src.zip!/jdk.zipfs" type="simple" />
            <root url="jar://$USER_HOME$/env/jdk/corretto-19.0.2/lib/src.zip!/java.prefs" type="simple" />
            <root url="jar://$USER_HOME$/env/jdk/corretto-19.0.2/lib/src.zip!/jdk.attach" type="simple" />
            <root url="jar://$USER_HOME$/env/jdk/corretto-19.0.2/lib/src.zip!/jdk.jshell" type="simple" />
            <root url="jar://$USER_HOME$/env/jdk/corretto-19.0.2/lib/src.zip!/jdk.jstatd" type="simple" />
            <root url="jar://$USER_HOME$/env/jdk/corretto-19.0.2/lib/src.zip!/jdk.random" type="simple" />
            <root url="jar://$USER_HOME$/env/jdk/corretto-19.0.2/lib/src.zip!/java.naming" type="simple" />
            <root url="jar://$USER_HOME$/env/jdk/corretto-19.0.2/lib/src.zip!/jdk.editpad" type="simple" />
            <root url="jar://$USER_HOME$/env/jdk/corretto-19.0.2/lib/src.zip!/jdk.jartool" type="simple" />
            <root url="jar://$USER_HOME$/env/jdk/corretto-19.0.2/lib/src.zip!/jdk.javadoc" type="simple" />
            <root url="jar://$USER_HOME$/env/jdk/corretto-19.0.2/lib/src.zip!/jdk.xml.dom" type="simple" />
            <root url="jar://$USER_HOME$/env/jdk/corretto-19.0.2/lib/src.zip!/java.desktop" type="simple" />
            <root url="jar://$USER_HOME$/env/jdk/corretto-19.0.2/lib/src.zip!/java.logging" type="simple" />
            <root url="jar://$USER_HOME$/env/jdk/corretto-19.0.2/lib/src.zip!/jdk.charsets" type="simple" />
            <root url="jar://$USER_HOME$/env/jdk/corretto-19.0.2/lib/src.zip!/jdk.compiler" type="simple" />
            <root url="jar://$USER_HOME$/env/jdk/corretto-19.0.2/lib/src.zip!/jdk.dynalink" type="simple" />
            <root url="jar://$USER_HOME$/env/jdk/corretto-19.0.2/lib/src.zip!/jdk.jconsole" type="simple" />
            <root url="jar://$USER_HOME$/env/jdk/corretto-19.0.2/lib/src.zip!/jdk.jpackage" type="simple" />
            <root url="jar://$USER_HOME$/env/jdk/corretto-19.0.2/lib/src.zip!/jdk.jsobject" type="simple" />
            <root url="jar://$USER_HOME$/env/jdk/corretto-19.0.2/lib/src.zip!/java.compiler" type="simple" />
            <root url="jar://$USER_HOME$/env/jdk/corretto-19.0.2/lib/src.zip!/java.net.http" type="simple" />
            <root url="jar://$USER_HOME$/env/jdk/corretto-19.0.2/lib/src.zip!/jdk.crypto.ec" type="simple" />
            <root url="jar://$USER_HOME$/env/jdk/corretto-19.0.2/lib/src.zip!/java.scripting" type="simple" />
            <root url="jar://$USER_HOME$/env/jdk/corretto-19.0.2/lib/src.zip!/jdk.httpserver" type="simple" />
            <root url="jar://$USER_HOME$/env/jdk/corretto-19.0.2/lib/src.zip!/jdk.jdwp.agent" type="simple" />
            <root url="jar://$USER_HOME$/env/jdk/corretto-19.0.2/lib/src.zip!/jdk.localedata" type="simple" />
            <root url="jar://$USER_HOME$/env/jdk/corretto-19.0.2/lib/src.zip!/jdk.management" type="simple" />
            <root url="jar://$USER_HOME$/env/jdk/corretto-19.0.2/lib/src.zip!/jdk.naming.dns" type="simple" />
            <root url="jar://$USER_HOME$/env/jdk/corretto-19.0.2/lib/src.zip!/jdk.naming.rmi" type="simple" />
            <root url="jar://$USER_HOME$/env/jdk/corretto-19.0.2/lib/src.zip!/java.instrument" type="simple" />
            <root url="jar://$USER_HOME$/env/jdk/corretto-19.0.2/lib/src.zip!/java.management" type="simple" />
            <root url="jar://$USER_HOME$/env/jdk/corretto-19.0.2/lib/src.zip!/java.sql.rowset" type="simple" />
            <root url="jar://$USER_HOME$/env/jdk/corretto-19.0.2/lib/src.zip!/java.xml.crypto" type="simple" />
            <root url="jar://$USER_HOME$/env/jdk/corretto-19.0.2/lib/src.zip!/jdk.internal.ed" type="simple" />
            <root url="jar://$USER_HOME$/env/jdk/corretto-19.0.2/lib/src.zip!/jdk.internal.le" type="simple" />
            <root url="jar://$USER_HOME$/env/jdk/corretto-19.0.2/lib/src.zip!/jdk.nio.mapmode" type="simple" />
            <root url="jar://$USER_HOME$/env/jdk/corretto-19.0.2/lib/src.zip!/jdk.unsupported" type="simple" />
            <root url="jar://$USER_HOME$/env/jdk/corretto-19.0.2/lib/src.zip!/java.smartcardio" type="simple" />
            <root url="jar://$USER_HOME$/env/jdk/corretto-19.0.2/lib/src.zip!/jdk.internal.opt" type="simple" />
            <root url="jar://$USER_HOME$/env/jdk/corretto-19.0.2/lib/src.zip!/java.datatransfer" type="simple" />
            <root url="jar://$USER_HOME$/env/jdk/corretto-19.0.2/lib/src.zip!/jdk.accessibility" type="simple" />
            <root url="jar://$USER_HOME$/env/jdk/corretto-19.0.2/lib/src.zip!/jdk.hotspot.agent" type="simple" />
            <root url="jar://$USER_HOME$/env/jdk/corretto-19.0.2/lib/src.zip!/jdk.security.auth" type="simple" />
            <root url="jar://$USER_HOME$/env/jdk/corretto-19.0.2/lib/src.zip!/jdk.security.jgss" type="simple" />
            <root url="jar://$USER_HOME$/env/jdk/corretto-19.0.2/lib/src.zip!/java.security.jgss" type="simple" />
            <root url="jar://$USER_HOME$/env/jdk/corretto-19.0.2/lib/src.zip!/java.security.sasl" type="simple" />
            <root url="jar://$USER_HOME$/env/jdk/corretto-19.0.2/lib/src.zip!/jdk.internal.vm.ci" type="simple" />
            <root url="jar://$USER_HOME$/env/jdk/corretto-19.0.2/lib/src.zip!/jdk.management.jfr" type="simple" />
            <root url="jar://$USER_HOME$/env/jdk/corretto-19.0.2/lib/src.zip!/java.management.rmi" type="simple" />
            <root url="jar://$USER_HOME$/env/jdk/corretto-19.0.2/lib/src.zip!/java.transaction.xa" type="simple" />
            <root url="jar://$USER_HOME$/env/jdk/corretto-19.0.2/lib/src.zip!/jdk.crypto.cryptoki" type="simple" />
            <root url="jar://$USER_HOME$/env/jdk/corretto-19.0.2/lib/src.zip!/jdk.incubator.vector" type="simple" />
            <root url="jar://$USER_HOME$/env/jdk/corretto-19.0.2/lib/src.zip!/jdk.internal.jvmstat" type="simple" />
            <root url="jar://$USER_HOME$/env/jdk/corretto-19.0.2/lib/src.zip!/jdk.management.agent" type="simple" />
            <root url="jar://$USER_HOME$/env/jdk/corretto-19.0.2/lib/src.zip!/jdk.unsupported.desktop" type="simple" />
            <root url="jar://$USER_HOME$/env/jdk/corretto-19.0.2/lib/src.zip!/jdk.incubator.concurrent" type="simple" />
            <root url="jar://$USER_HOME$/env/jdk/corretto-19.0.2/lib/src.zip!/jdk.internal.vm.compiler" type="simple" />
            <root url="jar://$USER_HOME$/env/jdk/corretto-19.0.2/lib/src.zip!/jdk.internal.vm.compiler.management" type="simple" />
          </root>
        </sourcePath>
      </roots>
      <additional />
    </jdk>
  </component>
</application>